epoch,training loss,training time
0,7.890626445846268,58.94552540779114
