epoch,rmse,training time
0,2.0841126823403764,237.0953004360199
